,precision,recall,f1-score,support
Basal,0.72,0.5625,0.631578947368421,32.0
Her2,0.0,0.0,0.0,14.0
LumA,0.581081081081081,0.9555555555555556,0.7226890756302521,90.0
LumB,0.0,0.0,0.0,36.0
Normal,0.0,0.0,0.0,5.0
accuracy,0.5875706214689266,0.5875706214689266,0.5875706214689266,0.5875706214689266
macro avg,0.26021621621621616,0.30361111111111116,0.2708536045997346,177.0
weighted avg,0.4256344480073293,0.5875706214689266,0.4816527860028935,177.0
